Date,Open,High,Low,Close,Volume,Change,ma5,ma10,ma20,Kospi,S&P500,rsi,%K,%D,bb_upper,bb_sma,bb_lower,volume_ma5,momentum,high_low_diff
2021-10-21,100500,102500,100000,100500,239165,0.0,101800.0,102800.0,104140.0,3007.330078,4549.779785,41.463414634146346,3.5532994923857872,11.727068823043325,114373.15560734861,104140.0,93906.84439265139,358469.6,-1500.0,2500
2021-10-22,101000,101500,100000,101000,169264,0.004975124378109541,101000.0,101950.0,103615.0,3006.159912,4544.899902,28.358208955223873,6.091370558375635,7.090859009168536,113322.13790546882,103615.0,93907.86209453118,333828.4,-4000.0,1500
2021-10-25,100500,106500,100000,106000,516573,0.04950495049504955,101900.0,102100.0,103960.0,3020.540039,4566.47998,39.726027397260275,48.818897637795274,19.487855896185565,113480.15037475221,103960.0,94439.84962524779,305313.2,4500.0,6500
2021-10-26,106500,109500,104000,108500,388727,0.02358490566037741,103300.0,102850.0,104425.0,3049.080078,4574.790039,56.666666666666664,71.31147540983606,42.07391453533565,113874.44999791829,104425.0,94975.55000208171,316607.6,7000.0,5500
2021-10-27,108500,116500,108000,113500,771405,0.04608294930875578,105900.0,104000.0,105250.0,3025.48999,4551.680176,60.0,82.03592814371258,67.3887670637813,114849.890350251,105250.0,95650.109649749,417026.8,13000.0,8500
2021-10-28,114500,118000,111000,112000,569668,-0.013215859030836996,108200.0,105000.0,105850.0,3009.550049,4596.419922,53.96825396825397,67.03296703296702,73.46012352883857,115567.59121116795,105850.0,96132.40878883205,483127.4,11500.0,7000
2021-10-29,113500,119000,113000,117000,693739,0.044642857142857206,111400.0,106200.0,106325.0,2970.679932,4605.379883,69.84126984126985,89.58333333333334,79.55074283667098,117237.45063894306,106325.0,95412.54936105694,588022.4,16000.0,6000
2021-11-01,116500,119000,113500,118500,385442,0.012820512820512775,113900.0,107900.0,106475.0,2978.939941,4613.669922,79.66101694915254,97.39583333333334,84.67071123321124,117984.60697120363,106475.0,94965.39302879637,561796.2,12500.0,5500
2021-11-02,118500,119000,113500,116000,368462,-0.021097046413502074,115400.0,109350.0,106600.0,3013.48999,4630.649902,72.58064516129032,84.21052631578947,90.3965643274854,118479.21670286743,106600.0,94720.78329713257,557743.2,7500.0,5500
2021-11-03,116000,117500,112500,116500,281713,0.004310344827586299,116000.0,110950.0,107200.0,2975.709961,4660.569824,73.01587301587301,86.8421052631579,89.48282163742691,119821.61888023463,107200.0,94578.38111976537,459804.8,3000.0,5000
2021-11-04,117000,117000,112000,112500,292430,-0.03433476394849788,116100.0,112150.0,107475.0,2983.219971,4680.060059,61.53846153846154,65.78947368421053,78.94736842105264,120316.03209493529,107475.0,94633.96790506471,404357.2,500.0,5000
2021-11-05,112000,114500,108500,113500,330870,0.008888888888888946,115400.0,113400.0,107675.0,2969.27002,4697.529785,70.0,71.05263157894737,74.56140350877193,120770.90132747448,107675.0,94579.09867252552,331783.4,-3500.0,6000
2021-11-08,114000,114000,110000,112000,176789,-0.013215859030836996,114100.0,114000.0,108050.0,2960.199951,4701.700195,66.66666666666666,63.1578947368421,66.66666666666667,121192.5384073806,108050.0,94907.4615926194,290052.8,-6500.0,4000
2021-11-09,113500,115500,108500,109500,335982,-0.022321428571428603,112800.0,114100.0,108475.0,2962.459961,4685.25,63.63636363636363,50.0,61.40350877192983,121200.75093431055,108475.0,95749.24906568945,283556.8,-6500.0,7000
2021-11-10,109000,111500,106000,111000,255794,0.013698630136986356,111700.0,113850.0,108925.0,2930.169922,4646.709961,65.21739130434783,57.89473684210527,57.01754385964912,121318.8652056912,108925.0,96531.1347943088,278373.0,-5500.0,5500
2021-11-11,110000,112000,109500,112000,164295,0.009009009009008917,111600.0,113850.0,109425.0,2924.919922,4649.27002,65.71428571428572,63.1578947368421,57.01754385964912,121443.73537440611,109425.0,97406.26462559389,252746.0,-500.0,2500
2021-11-12,112000,114000,111000,112000,169377,0.0,111300.0,113350.0,109775.0,2968.800049,4682.850098,60.0,53.333333333333336,58.12865497076024,121658.09281024274,109775.0,97891.90718975726,220447.4,-1500.0,3000
2021-11-15,112500,114000,111000,114000,180931,0.017857142857142794,111700.0,112900.0,110400.0,2999.52002,4682.799805,59.32203389830509,61.53846153846154,59.34322986954566,121753.64536868647,110400.0,99046.35463131353,221275.8,2000.0,3000
2021-11-16,114500,114500,111000,111500,145772,-0.021929824561403466,112100.0,112450.0,110900.0,2997.209961,4700.899902,46.2962962962963,42.30769230769231,52.39316239316239,121456.11571305324,110900.0,100343.88428694676,183233.8,2000.0,3500
2021-11-17,111500,113000,108000,108500,179729,-0.026905829596412523,111600.0,111650.0,111300.0,2962.419922,4688.669922,43.85964912280702,19.230769230769234,41.02564102564103,120744.57516249412,111300.0,101855.42483750588,168020.8,-2500.0,5000
2021-11-18,108000,109500,105500,106000,175355,-0.02304147465437789,110400.0,111000.0,111575.0,2947.379883,4704.540039,28.84615384615384,3.7037037037037033,21.74738841405508,119955.8993362414,111575.0,103194.1006637586,170232.8,-6000.0,4000
2021-11-19,106000,109500,105500,109000,122211,0.028301886792452935,109800.0,110550.0,111975.0,2971.02002,4697.959961,32.727272727272734,25.925925925925924,16.286799620132953,118861.10347385462,111975.0,105088.89652614538,160799.6,-3000.0,4000
2021-11-22,108500,110500,107500,109000,137867,0.0,108800.0,110250.0,112125.0,3013.25,4682.939941,36.0,29.166666666666668,19.598765432098762,118580.31197012043,112125.0,105669.68802987957,152186.8,-5000.0,3000
2021-11-23,110000,111500,108500,111000,147284,0.0183486238532109,108700.0,110400.0,112250.0,2997.330078,4690.700195,39.62264150943396,47.82608695652174,34.306226516371446,118503.42011685572,112250.0,105996.57988314428,152489.2,-500.0,3000
2021-11-24,111000,113500,110000,112500,123175,0.013513513513513598,109500.0,110550.0,112200.0,2994.290039,4701.459961,50.0,70.0,48.9975845410628,118427.27447350943,112200.0,105972.72552649057,141178.4,4000.0,3500
2021-11-26,114500,116500,111500,111500,171573,-0.021929824561403466,111600.0,110700.0,112025.0,2936.439941,4594.620117,45.833333333333336,54.54545454545454,57.45718050065876,118409.66539852621,112175.0,105940.33460147379,140422.0,5500.0,5000
2021-11-29,107000,110000,107000,108500,177072,-0.026905829596412523,111500.0,110150.0,111525.0,2909.320068,4655.27002,43.13725490196077,27.27272727272727,50.6060606060606,117754.38436302578,111750.0,105745.61563697422,151394.2,-500.0,3000
2021-11-30,109500,109500,106000,106500,184116,-0.018433179723502335,110600.0,109650.0,111050.0,2839.01001,4567.0,43.99999999999999,9.090909090909092,30.3030303030303,116695.03096664515,111150.0,105604.96903335485,160644.0,-2500.0,3500
2021-12-01,106000,109000,103500,108000,142292,0.014084507042253502,109700.0,109600.0,110625.0,2899.719971,4513.040039,43.99999999999999,34.61538461538461,23.659673659673658,115966.37099100422,110750.0,105533.62900899578,159645.6,-3000.0,5500
2021-12-02,106000,114000,106000,113500,213861,0.05092592592592582,109600.0,110350.0,110675.0,2945.27002,4577.100098,52.54237288135593,76.92307692307693,40.209790209790214,115263.40738313238,110600.0,105936.59261686762,177782.8,1000.0,8000
2021-12-03,113000,114500,111000,111000,180027,-0.022026431718061623,109500.0,110550.0,110550.0,2968.330078,4538.430176,48.4375,57.692307692307686,56.41025641025641,115107.28855715717,110525.0,105942.71144284283,179473.6,-500.0,3500
2021-12-06,109500,113500,108500,112500,162493,0.013513513513513598,110300.0,110900.0,110575.0,2973.25,4591.669922,47.61904761904761,69.23076923076923,67.94871794871794,114940.95307208956,110475.0,106009.04692791044,176557.8,4000.0,5000
2021-12-07,113000,114500,109500,110000,188247,-0.022222222222222254,111000.0,110800.0,110600.0,2991.719971,4686.75,47.61904761904761,50.0,58.97435897435897,114786.40865436317,110375.0,105963.59134563683,177384.0,3500.0,5000
2021-12-08,111000,111000,107500,108000,213352,-0.018181818181818188,111000.0,110350.0,110450.0,3001.800049,4701.209961,49.18032786885246,34.61538461538461,51.28205128205128,114823.6222095504,110300.0,105776.3777904496,191596.0,0.0,3500
2021-12-09,108000,109500,107000,107000,393768,-0.0092592592592593,109700.0,109650.0,110200.0,3029.570068,4667.450195,51.72413793103448,26.923076923076923,37.179487179487175,114841.75184149451,110100.0,105358.24815850549,227577.4,-6500.0,2500
2021-12-10,106500,107500,105500,107500,224135,0.004672897196261738,109000.0,109250.0,109975.0,3010.22998,4712.02002,47.16981132075472,30.76923076923077,30.76923076923077,114663.96758459655,109875.0,105086.03241540345,236399.0,-3500.0,2000
2021-12-13,107000,108000,105500,106000,199659,-0.013953488372092981,107700.0,109000.0,109575.0,3001.659912,4668.970215,44.642857142857146,19.230769230769234,25.641025641025646,114551.52383433306,109575.0,104598.47616566694,243832.2,-6500.0,2500
2021-12-14,105000,106000,101000,101000,325488,-0.047169811320754707,105900.0,108450.0,109050.0,2987.949951,4634.089844,33.87096774193549,0.0,16.666666666666668,114785.43828071808,108925.0,103064.56171928192,271280.4,-9000.0,5000
2021-12-15,100000,100500,98600,98900,297616,-0.02079207920792081,104080.0,107540.0,108570.0,2989.389893,4709.850098,28.48101265822784,1.675977653631285,6.968915628133506,115536.24880186608,108295.0,101053.75119813392,288133.2,-9100.0,1900
2021-12-16,98600,99500,95100,95700,448758,-0.032355915065722995,101820.0,105760.0,108055.0,3006.409912,4668.669922,26.62721893491124,3.0927835051546393,1.5895870529286416,116825.54208350104,107655.0,98484.45791649896,299131.2,-11300.0,4400
2021-12-17,90000,93400,89700,91500,1686560,-0.043887147335423204,98620.0,103810.0,107180.0,3017.72998,4620.640137,25.714285714285722,7.258064516129033,4.008941891638319,118602.74828956657,106930.0,95257.25171043343,591616.2,-16000.0,3700
2021-12-20,92100,93400,91600,91900,462510,0.004371584699453646,95800.0,101750.0,106325.0,2963.0,4568.02002,28.143712574850298,8.870967741935484,6.407271921073051,119485.11009021102,106075.0,92664.88990978898,644186.4,-14100.0,1800
2021-12-21,92200,94900,91300,94000,411144,0.02285092491838947,94400.0,100150.0,105475.0,2975.030029,4649.22998,29.411764705882362,17.338709677419356,11.155913978494624,119690.14421859568,105325.0,90959.85578140432,661317.6,-7000.0,3600
2021-12-22,94500,95000,92100,92700,313539,-0.013829787234042601,93160.0,98620.0,104485.0,2984.47998,4696.560059,15.10067114093961,12.096774193548388,12.768817204301078,119562.82151943987,104410.0,89257.17848056013,664502.2,-6200.0,2900
2021-12-23,92700,92800,91500,92300,214082,-0.004314994606256728,92480.0,97150.0,103400.0,2998.169922,4725.790039,16.245487364620942,10.483870967741936,13.306451612903226,118969.47080194544,103400.0,87830.52919805456,617567.0,-3400.0,1300
2021-12-27,92700,93200,92300,92700,191739,0.0,92880.0,94340.0,101670.0,2999.550049,4791.189941,12.781954887218049,12.096774193548388,11.559139784946238,118239.05340366745,102460.0,86680.94659633255,318602.8,1200.0,900
2021-12-28,92800,93500,92400,92700,217210,0.0,92620.0,93510.0,100980.0,3020.23999,4786.350098,14.107883817427393,14.084507042253522,12.221717401181282,117754.91938366329,101670.0,85585.08061633671,269542.8,800.0,1100
2021-12-29,93500,95000,92800,93700,258296,0.010787486515641875,92820.0,92990.0,100265.0,2993.290039,4793.060059,19.04761904761905,20.2020202020202,15.461100479274037,117322.98848229539,101030.0,84737.01151770461,238973.2,-300.0,2200
2021-12-30,94400,95300,92900,95200,232685,0.016008537886873064,93400.0,92940.0,99350.0,2977.649902,4778.72998,25.000000000000014,30.05464480874317,21.44705735100563,116535.11821279928,100390.0,84244.88178720072,222802.4,2500.0,2400
2022-01-04,98100,102000,96400,101500,425113,0.03995901639344268,96140.0,94510.0,98130.0,2989.23999,4793.540039,39.79591836734694,64.48087431693989,38.245846442567746,114730.71089691727,99790.0,84849.28910308273,265008.6,9200.0,5600
2022-01-05,102000,105000,101500,104000,488265,0.024630541871921263,98400.0,95510.0,97830.0,2953.969971,4700.580078,46.71052631578948,87.73006134969326,60.75519349179209,113581.59970106857,99440.0,85298.40029893143,324313.8,11300.0,3500
2022-01-06,102500,112500,100500,111000,845951,0.06730769230769229,101860.0,97340.0,97980.0,2920.530029,4696.049805,65.4320987654321,93.42105263157895,81.87732943273737,113228.13171879396,99365.0,85501.86828120604,450062.0,18300.0,12000
2022-01-07,111500,114000,107000,112000,427073,0.009009009009008917,105220.0,99310.0,98230.0,2954.889893,4677.029785,70.92651757188499,91.76954732510289,90.9735537687917,113675.63723153593,99465.0,85254.36276846407,483817.4,18300.0,7000
2022-01-10,111000,116500,110500,111500,432107,-0.004464285714285698,108000.0,101190.0,98430.0,2926.719971,4670.290039,77.62237762237763,81.34328358208955,88.84462784625713,114369.90513422125,99640.0,84910.09486577875,523701.8,16300.0,6000
2022-01-11,110500,111000,106000,107000,380355,-0.04035874439461884,109100.0,102620.0,98480.0,2927.379883,4713.069824,76.8166089965398,62.301587301587304,78.47147273625991,114369.90513422125,99640.0,84910.09486577875,514750.2,5500.0,5000
2022-01-12,105000,110000,103500,108500,327291,0.014018691588784993,110000.0,104200.0,98855.0,2972.47998,4726.350098,77.66666666666666,68.25396825396825,70.63294637921503,114538.55477638709,99690.0,84841.44522361291,482555.4,4500.0,6500
2022-01-13,109000,110000,105000,105500,178574,-0.027649769585253448,108900.0,105380.0,99185.0,2962.090088,4659.029785,68.6084142394822,56.00000000000001,62.18518518518518,114470.4435223919,99665.0,84859.5564776081,349080.0,-5500.0,5000
2022-01-14,103500,110500,103500,106000,447722,0.004739336492890933,107700.0,106460.0,99700.0,2921.919922,4662.850098,72.09302325581396,57.99999999999999,60.75132275132275,114981.90692247503,99915.0,84848.09307752497,353209.8,-6000.0,7000
2022-01-18,102500,105500,101500,103000,246352,0.009803921568627416,105000.0,107050.0,100780.0,2864.23999,4577.109863,66.36085626911316,44.214876033057855,52.738292011019276,115240.23391631922,100120.0,84999.76608368078,316058.8,-8500.0,4000
2022-01-19,102000,106000,101000,102000,209795,-0.009708737864077666,103700.0,106850.0,101180.0,2842.280029,4532.759766,63.96396396396396,39.83402489626556,47.3496336431078,115429.49372620706,100435.0,85440.50627379294,281946.8,-5000.0,5000
2022-01-20,102500,104000,101500,103500,146791,0.014705882352941124,103300.0,106100.0,101720.0,2862.679932,4482.72998,65.51724137931035,45.14767932489451,43.06552675140597,115474.16822214382,101035.0,86595.83177785618,245846.8,-5000.0,2500
2022-01-21,103000,107000,102000,105500,198031,0.019323671497584627,103200.0,105450.0,102380.0,2834.290039,4397.939941,66.4804469273743,53.38983050847458,46.12384490987821,115613.62166585328,101715.0,87816.37833414672,249738.2,0.0,5000
2022-01-24,106000,106000,101000,101500,222116,-0.03791469194312791,103100.0,104450.0,102820.0,2792.0,4410.129883,58.224543080939945,25.37313432835821,41.30354805390909,115508.58883473926,102090.0,88671.41116526074,204617.0,-4500.0,5000
2022-01-25,101500,102000,95700,97700,267898,-0.03743842364532024,102040.0,103520.0,103070.0,2720.389893,4356.450195,44.692737430167604,9.615384615384617,29.459449817405794,115196.51995149378,102340.0,89483.48004850622,208926.2,-5300.0,6300
2022-01-26,97800,99100,96500,96600,142126,-0.011258955987717534,100960.0,102330.0,103265.0,2709.23999,4349.930176,39.244186046511636,4.326923076923077,13.105147340221961,114835.48944678638,102555.0,90274.51055321362,195392.4,-5400.0,2600
2022-01-27,96600,96600,92700,93400,160754,-0.0331262939958592,98940.0,101120.0,103250.0,2614.48999,4326.509766,21.24183006535948,2.941176470588235,5.6278280542986385,114755.68080600852,102590.0,90424.31919399148,198185.0,-10100.0,3900
2022-01-28,93700,99500,92900,99300,164368,0.06316916488222701,97700.0,100450.0,103455.0,2663.340088,4431.850098,32.11267605633803,27.73109243697479,11.666397328162029,114288.0253342434,102920.0,91551.9746657566,191452.4,-6200.0,6600
2022-02-03,101500,103500,99300,102000,163952,0.027190332326284095,97800.0,100450.0,103675.0,2707.820068,4477.439941,37.40053050397878,50.81967213114754,27.16398034623685,113860.61287126738,103335.0,92809.38712873262,179819.6,500.0,4200
2022-02-04,101500,103000,100500,102000,123018,0.0,98660.0,100350.0,103700.0,2750.26001,4500.529785,42.46987951807229,52.24719101123596,43.599318526452755,113510.89024146291,103675.0,93839.10975853709,150843.6,4300.0,2500
2022-02-07,101500,104000,100000,101500,125054,-0.004901960784313708,99640.0,100300.0,103575.0,2745.060059,4483.870117,39.130434782608695,49.43820224719101,50.835021796524835,113510.89024146291,103675.0,93839.10975853709,147429.2,4900.0,4000
2022-02-08,102500,103500,97800,98000,271060,-0.03448275862068961,100560.0,99750.0,102925.0,2746.469971,4521.540039,38.53211009174312,29.775280898876407,43.82022471910113,113529.98322059304,103375.0,93220.01677940696,169490.4,4600.0,5700
2022-02-09,99100,104000,98300,103000,187002,0.05102040816326525,101300.0,99500.0,102475.0,2768.850098,4587.180176,45.96774193548387,72.02797202797203,50.41381839134647,112474.4459672241,102975.0,93475.5540327759,174017.2,3700.0,5700
2022-02-10,102500,103500,101000,101000,99003,-0.01941747572815533,101100.0,99450.0,101950.0,2771.929932,4504.080078,47.23756906077348,58.04195804195804,53.281736989602145,110947.87942447916,102425.0,93902.12057552084,161027.4,-1000.0,2500
2022-02-11,99900,101000,97500,97800,155249,-0.03168316831683171,100260.0,99460.0,101490.0,2747.709961,4418.640137,44.53125,35.66433566433567,55.24475524475523,109344.54157931816,101740.0,94135.45842068184,167473.6,-4200.0,3500
2022-02-14,96000,96800,94800,95600,112913,-0.02249488752556239,99080.0,99360.0,100845.0,2704.47998,4401.669922,39.89769820971867,20.27972027972028,37.99533799533799,108823.3033803436,101170.0,93516.6966196564,165045.4,-5900.0,2000
2022-02-15,95300,98300,95000,96200,139493,0.006276150627614996,98720.0,99640.0,100380.0,2676.540039,4471.069824,37.6657824933687,26.31578947368421,27.419948472580046,107687.2765244382,100555.0,93422.7234755618,138732.0,-1800.0,3300
2022-02-16,97600,99800,97600,98000,97403,0.018711018711018657,97720.0,99510.0,99980.0,2729.679932,4475.009766,45.070422535211264,46.902654867256636,31.166054873553705,106999.35326459687,100180.0,93360.64673540313,120812.2,-5000.0,2200
2022-02-17,98700,100500,97200,98300,145013,0.003061224489795844,97180.0,99140.0,99795.0,2744.090088,4380.259766,50.9375,49.557522123893804,40.92532215494488,106079.3079424698,99795.0,93510.6920575302,130014.2,-2700.0,3300
2022-02-18,97600,100500,96900,99200,120957,0.00915564598168861,97460.0,98860.0,99605.0,2744.52002,4348.870117,54.08805031446541,57.52212389380531,51.32743362831858,105708.48476821143,99605.0,93501.51523178857,123155.8,1400.0,3600
2022-02-22,98600,103500,98500,102000,236189,0.021021021021021102,99480.0,99100.0,99425.0,2706.790039,4304.759766,63.69426751592357,81.98198198198197,63.02054266656035,105708.48476821143,99605.0,93501.51523178857,147811.0,6400.0,5000
2022-02-23,103000,110000,103000,109500,491171,0.07352941176470584,101780.0,99750.0,99625.0,2719.530029,4225.5,65.45454545454545,96.71052631578947,78.73821073052558,107273.34624022168,99905.0,92536.65375977832,218146.6,13300.0,7000
2022-02-24,108500,111500,104500,105500,398595,-0.0365296803652968,103220.0,100200.0,99825.0,2648.800049,4288.700195,55.102040816326536,64.07185628742515,80.92145486173219,107273.34624022168,99905.0,92536.65375977832,278385.0,7500.0,7000
2022-02-25,109000,113500,106500,109500,274441,0.03791469194312791,105280.0,101370.0,100415.0,2676.76001,4384.649902,59.7911227154047,78.6096256684492,79.7973360905546,108817.64693821708,100305.0,91792.35306178292,304270.6,11200.0,7000
2022-02-28,109500,111500,108000,109500,159563,0.0,107200.0,102760.0,101060.0,2699.179932,4373.939941,60.58201058201058,78.6096256684492,73.76370254144116,110242.2146146663,100895.0,91547.7853853337,311991.8,10300.0,3500
2022-03-02,109500,118500,109500,116500,483682,0.06392694063926951,110100.0,104790.0,102215.0,2703.52002,4386.540039,72.39709443099274,91.56118143459916,82.92681092383252,113317.37249350274,101890.0,90462.62750649726,361490.4,14500.0,9000
2022-03-03,117000,117500,111500,113000,374950,-0.030042918454935674,110800.0,106290.0,102900.0,2747.080078,4363.490234,62.56281407035176,76.79324894514767,82.32135201606532,114589.72695927683,102870.0,91150.27304072317,338246.2,3500.0,6000
2022-03-04,112000,114500,111000,114000,231862,0.008849557522123908,112500.0,107860.0,103500.0,2713.429932,4328.870117,66.75257731958763,81.0126582278481,83.1223628691983,116193.6289542336,103605.0,91016.3710457664,304899.6,8500.0,3500
2022-03-07,112000,117000,112000,116500,246331,0.021929824561403466,113900.0,109590.0,104225.0,2651.310059,4201.089844,74.54068241469815,91.56118143459916,83.1223628691983,118140.30888789051,104330.0,90519.69111210949,299277.6,7000.0,5000
2022-03-08,114500,116000,113000,113500,196809,-0.025751072961373356,114700.0,110950.0,104825.0,2622.399902,4170.700195,73.00771208226222,78.72340425531915,83.76574797258881,119253.955582752,104905.0,90556.044417248,306726.8,4000.0,3000
2022-03-10,115000,116000,110000,112000,306188,-0.013215859030836996,113800.0,111950.0,105525.0,2680.320068,4259.52002,69.84924623115577,69.9074074074074,80.06399769910855,120020.7108156273,105430.0,90839.2891843727,271228.0,-4500.0,6000
2022-03-11,112000,114000,111000,112000,175659,0.0,113600.0,112200.0,105975.0,2661.280029,4204.310059,68.42105263157895,69.9074074074074,72.84607302337798,120562.28836215593,106130.0,91697.71163784407,231369.8,-1000.0,3000
2022-03-14,110500,114000,110000,113500,146595,0.013392857142857206,113500.0,113000.0,106600.0,2645.649902,4173.109863,69.38775510204081,76.85185185185185,72.22222222222221,121369.04270184028,106655.0,91940.95729815972,214316.4,-500.0,4000
2022-03-15,113500,113500,108500,109500,217330,-0.03524229074889873,112100.0,113000.0,107185.0,2621.530029,4262.450195,62.17494089834515,55.00000000000001,67.25308641975307,121595.99480790614,107080.0,92564.00519209386,208516.2,-7000.0,5000
2022-03-16,110000,112000,109000,110000,179441,0.004566210045662045,111400.0,113050.0,107905.0,2659.22998,4357.859863,60.0,45.16129032258064,59.00438072481083,121575.68365354462,107690.0,93804.31634645538,205042.6,-3500.0,3000
2022-03-17,108000,110000,107000,108000,758132,-0.018181818181818188,110600.0,112200.0,108495.0,2694.51001,4411.669922,47.82608695652174,25.0,41.72043010752687,120976.55770959603,108310.0,95643.44229040397,295431.4,-4000.0,3000
2022-03-18,109500,111000,107000,108500,862650,0.004629629629629539,109900.0,111750.0,109020.0,2707.02002,4463.120117,54.83870967741936,16.666666666666664,28.942652329749095,120237.94088992549,108925.0,97612.05911007451,432829.6,-3500.0,4000
2022-03-21,109500,109500,107500,108500,137399,0.0,108900.0,111200.0,109530.0,2686.050049,4461.180176,48.14814814814815,13.043478260869565,18.2367149758454,119536.25954350512,109450.0,99363.74045649488,430990.4,-5000.0,2000
2022-03-22,109000,114000,108500,114000,286203,0.05069124423963123,109800.0,110950.0,110270.0,2710.0,4511.609863,56.92307692307692,60.86956521739131,30.193236714975836,119028.36472335224,110235.0,101441.63527664776,444765.0,4500.0,5500
2022-03-23,113000,118000,112500,115500,258178,0.013157894736842035,110900.0,111150.0,111050.0,2735.050049,4456.240234,48.14814814814815,77.27272727272727,50.39525691699604,118447.72368972203,111050.0,103652.27631027797,460512.4,5500.0,5500
2022-03-24,115500,117500,114500,117000,179791,0.01298701298701288,112700.0,111650.0,111800.0,2729.659912,4520.160156,58.0,90.9090909090909,76.35046113306983,118324.44795002861,111800.0,105275.55204997139,344844.2,9000.0,3000
2022-03-25,118000,119000,117000,117500,172617,0.004273504273504258,114500.0,112200.0,112200.0,2729.97998,4543.060059,57.14285714285714,87.5,85.22727272727272,119100.80086885428,112200.0,105299.19913114572,206837.6,9000.0,2000
2022-03-28,118000,123000,117500,122500,335257,0.042553191489361764,117300.0,113100.0,113050.0,2729.560059,4575.52002,61.111111111111114,96.875,91.76136363636363,120630.44575831381,113050.0,105469.55424168619,246409.2,14000.0,5500
2022-03-29,122500,124000,120500,123000,203796,0.004081632653061273,119100.0,114450.0,113725.0,2741.070068,4631.600098,69.38775510204081,94.11764705882352,92.83088235294116,122311.86267074983,113725.0,105138.13732925017,229927.8,9000.0,3500
2022-03-30,123000,123500,117000,117500,312495,-0.04471544715447151,119500.0,115200.0,114125.0,2746.73999,4602.450195,59.64912280701754,61.76470588235294,84.25245098039214,122628.09541161032,114125.0,105621.90458838968,240791.2,2000.0,6500
2022-03-31,118000,121000,118000,119500,132482,0.017021276595744705,120000.0,116350.0,114275.0,2757.649902,4530.410156,62.295081967213115,73.52941176470588,76.4705882352941,123055.81041698024,114275.0,105494.18958301976,231329.4,2500.0,3000
2022-04-01,118000,119500,115500,119000,128991,-0.004184100418409997,120300.0,117400.0,114575.0,2739.850098,4545.859863,59.32203389830509,70.58823529411765,68.62745098039214,123579.53102317771,114575.0,105570.46897682229,222604.2,1500.0,4000
2022-04-04,117000,122000,116500,121000,129247,0.01680672268907557,120000.0,118650.0,114925.0,2757.899902,4582.640137,70.9090909090909,82.35294117647058,75.49019607843137,124368.87855201794,114925.0,105481.12144798206,181402.2,-1500.0,5500
2022-04-05,121500,127000,120000,126500,290232,0.045454545454545414,120700.0,119900.0,115425.0,2759.199951,4525.120117,75.38461538461539,97.5,83.48039215686273,126186.8967218903,115425.0,104663.1032781097,198689.4,3500.0,7000
2022-04-06,125000,128500,124500,127000,186145,0.0039525691699604515,122600.0,121050.0,116100.0,2735.030029,4481.149902,80.64516129032258,93.02325581395348,90.95873233014134,127988.07451984867,116100.0,104211.92548015133,173419.4,9500.0,4000
2022-04-07,125500,127000,120500,121500,211250,-0.04330708661417326,123000.0,121500.0,116575.0,2695.860107,4500.209961,68.05555555555556,66.66666666666666,85.72997416020671,128532.2704155035,116575.0,104617.7295844965,189173.0,2000.0,6500
2022-04-08,121500,126500,120500,124000,143765,0.020576131687242816,124000.0,122150.0,117175.0,2700.389893,4488.279785,70.12987012987013,77.5,79.06330749354004,129367.64230246222,117175.0,104982.35769753778,192127.8,5000.0,6000
2022-04-11,123500,128000,122500,127500,113957,0.02822580645161299,125300.0,122650.0,117875.0,2693.100098,4412.529785,68.4931506849315,93.75,79.30555555555554,130766.75583157912,117875.0,104983.24416842088,189069.8,6500.0,5500
2022-04-12,125500,130000,125000,129500,198383,0.015686274509803866,125900.0,123300.0,118875.0,2666.76001,4397.450195,68.91891891891892,96.7741935483871,89.34139784946235,132129.09569271252,118875.0,105620.90430728748,170700.0,3000.0,5000
2022-04-13,130000,137000,128500,136500,383827,0.054054054054053946,127800.0,125200.0,120200.0,2716.48999,4446.589844,72.94117647058823,97.67441860465115,96.06620405101273,134934.13508971964,120200.0,105465.86491028038,210236.4,9500.0,8500
2022-04-14,135000,141500,135000,139000,314096,0.01831501831501825,131300.0,127150.0,121750.0,2716.709961,4392.589844,74.15730337078652,90.38461538461539,94.94440917921787,137563.0525699167,121750.0,105936.94743008328,230805.6,17500.0,6500
2022-04-18,148000,151000,141000,142500,266352,-0.03716216216216217,139100.0,132200.0,125425.0,2693.209961,4391.689941,73.25581395348837,76.05633802816901,88.03845733914517,140525.37469728364,123450.0,106374.62530271636,255323.0,18500.0,10000
2022-04-19,143000,153500,142500,153500,361662,0.07719298245614037,143900.0,134900.0,127400.0,2718.889893,4462.209961,78.50467289719626,100.0,88.81365113759479,146029.91055459657,125700.0,105370.08944540343,304864.0,26000.0,11000
2022-04-20,155500,161500,148000,149000,542107,-0.02931596091205213,146400.0,137100.0,129075.0,2718.689941,4459.450195,80.0,72.82608695652173,82.96080832823024,149492.78137001587,127450.0,105407.21862998413,373608.8,19500.0,13500
2022-04-21,148500,148500,139500,145500,598407,-0.023489932885906062,147700.0,139500.0,130500.0,2728.209961,4393.660156,74.07407407407408,65.21739130434783,79.3478260869565,151642.2198584728,128950.0,106257.78014152723,416524.8,9000.0,9000
2022-04-22,143000,144500,136500,140000,480103,-0.037800687285223344,146100.0,141100.0,131625.0,2704.709961,4271.779785,67.79661016949153,52.22222222222223,63.42190016103058,152572.4392604762,130100.0,107627.56073952379,449726.2,1000.0,8000
2022-04-25,137000,142500,136000,139500,238248,-0.0035714285714285587,145500.0,142300.0,132475.0,2657.129883,4296.120117,66.08695652173913,46.98795180722892,54.80918844459965,153224.8663297217,131200.0,109175.1336702783,444105.4,-3000.0,6500
2022-04-26,141500,142500,136000,140500,260290,0.007168458781362075,142900.0,143400.0,133350.0,2668.310059,4175.200195,63.20754716981132,48.78048780487805,49.33022061144305,154099.0430413881,132100.0,110100.9569586119,423831.0,-13000.0,6500
2022-04-27,137000,145500,137000,144000,312795,0.02491103202846978,141900.0,144150.0,134675.0,2639.060059,4183.959961,65.17857142857143,57.3170731707317,51.028504260946214,155324.19078212572,133150.0,110975.80921787428,377968.6,-5000.0,8500
2022-04-28,145000,145000,139500,144000,273272,0.0,141600.0,144650.0,135900.0,2667.48999,4287.5,72.27722772277228,57.3170731707317,54.471544715447145,155864.8032765739,134475.0,113085.19672342612,312941.6,-1500.0,5500
2022-04-29,142500,145500,139000,140000,190100,-0.02777777777777779,141600.0,143850.0,136950.0,2695.050049,4131.930176,65.38461538461539,44.871794871794876,53.16864707108609,155805.56055551505,135500.0,115194.43944448495,254941.0,0.0,6500
2022-05-02,138000,144500,136500,140000,190759,0.0,141700.0,143600.0,137900.0,2687.449951,4155.379883,62.88659793814433,41.0958904109589,47.76158615116182,155381.38477732276,136550.0,117718.61522267724,245443.2,500.0,8000
2022-05-03,141000,142000,137000,137500,205450,-0.017857142857142905,141100.0,142000.0,138450.0,2680.459961,4175.47998,58.163265306122454,27.27272727272727,37.74680418516034,154725.48914826944,137375.0,120024.51085173056,234475.2,-3000.0,5000
2022-05-04,137000,138500,131000,133500,390969,-0.029090909090909056,139000.0,140450.0,138775.0,2677.570068,4300.169922,46.73913043478261,8.19672131147541,25.521779665053852,154421.91115461983,137725.0,121028.08884538017,250110.0,-10500.0,7500
2022-05-06,132500,136500,131500,133500,237157,0.0,136900.0,139250.0,139375.0,2644.51001,4123.339844,43.67816091954023,8.19672131147541,14.55538996522602,154108.7736308325,138050.0,121991.22636916752,242887.0,-10500.0,5000
2022-05-10,129500,131500,127000,130500,217957,-0.0076045627376425395,133300.0,137500.0,139900.0,2596.560059,4001.050049,36.04651162790697,10.144927536231885,8.846123386394225,153038.5150910482,138500.0,123961.48490895178,248458.4,-9500.0,4500
2022-05-11,130500,133000,123500,125000,460960,-0.04214559386973182,130800.0,135950.0,139675.0,2592.27002,3935.179932,11.999999999999986,3.9473684210526314,7.429672422919967,152883.98611324644,138550.0,124216.01388675356,302498.6,-15000.0,9500
2022-05-12,124500,130000,123000,124000,369250,-0.008000000000000007,128900.0,133950.0,139050.0,2550.080078,3930.080078,13.235294117647058,3.9215686274509802,6.004621528245156,153348.22171147738,138375.0,123401.77828852262,335258.6,-13500.0,7000
2022-05-13,126500,129000,119000,125500,573256,0.012096774193548487,127300.0,132100.0,138375.0,2604.23999,4023.889893,18.75,24.528301886792452,10.79907964509868,153742.42550462697,138175.0,122607.57449537303,371716.0,-8000.0,10000
2022-05-16,126000,130000,123500,127000,240162,0.01195219123505975,126400.0,130800.0,137325.0,2596.580078,4008.01001,26.785714285714278,30.18867924528302,19.546183253175474,154043.03328155793,137700.0,121356.96671844207,372317.0,-6500.0,6500
2022-05-17,121000,124500,119500,121500,2331766,-0.04330708661417326,124600.0,128950.0,136275.0,2620.439941,4088.850098,22.727272727272734,9.433962264150944,21.38364779874213,154679.01325959206,136825.0,118970.98674040794,795078.8,-9000.0,5000
2022-05-18,123000,124000,115500,117000,569257,-0.03703703703703709,123000.0,126900.0,134450.0,2625.97998,3923.679932,17.808219178082197,5.0,14.87421383647798,155244.7762243271,135550.0,115855.2237756729,816738.2,-8000.0,8500
2022-05-19,114000,115500,111000,114500,557796,-0.021367521367521403,121100.0,125000.0,132725.0,2592.340088,3900.790039,8.450704225352098,10.144927536231885,8.192963266794267,153533.04582319214,133600.0,113666.95417680786,854447.4,-9500.0,4500
2022-05-20,115000,116000,113500,115000,262589,0.004366812227074135,119000.0,123150.0,131200.0,2639.290039,3901.360107,9.722222222222229,11.594202898550725,8.91304347826086,152100.5732070835,131900.0,111699.42679291648,792314.0,-10500.0,2500
2022-05-23,115500,118000,113000,115000,253045,0.0,116600.0,121500.0,129950.0,2647.379883,3973.75,10.9375,11.940298507462686,11.226476314081756,150855.7354925499,130375.0,109894.2645074501,794890.6,-12000.0,5000
2022-05-24,115500,119000,112500,113000,418146,-0.017391304347826098,114900.0,119750.0,128625.0,2605.870117,3941.47998,10.294117647058812,6.451612903225806,9.995371436413064,150375.39750646843,129025.0,107674.60249353157,412166.6,-8500.0,6500
2022-05-25,114000,115500,112000,113000,254408,0.0,114100.0,118550.0,127250.0,2617.219971,3978.72998,11.111111111111114,7.2727272727272725,8.554879561138579,149595.4453326666,127700.0,105804.55466733339,349196.8,-4000.0,3500
2022-05-26,114000,121000,114000,119000,539957,0.053097345132743445,115000.0,118050.0,126000.0,2612.449951,4057.840088,28.358208955223873,31.372549019607842,15.032296398520296,147978.84841440216,126625.0,105271.15158559785,345629.0,4500.0,7000
2022-05-27,121500,124500,120000,123000,469362,0.03361344537815136,116600.0,117800.0,124950.0,2638.050049,4158.240234,36.0,54.54545454545454,31.063576945929878,145337.4710792425,125575.0,105812.5289207575,386983.6,8000.0,4500
2022-05-31,120000,121500,119000,119000,1869378,-0.004184100418409997,118700.0,116800.0,122875.0,2685.899902,4132.149902,35.06493506493507,36.36363636363637,40.76054664289958,142258.4295308188,124325.0,106391.5704691812,710250.2,4000.0,2500
2022-06-02,120500,122500,118000,119500,261139,0.004201680672268893,120000.0,117050.0,121975.0,2658.98999,4176.819824,41.791044776119406,44.73684210526316,45.215311004784674,139742.563508676,123300.0,106857.43649132401,678848.8,6500.0,4500
2022-06-03,120500,127000,119500,126500,368158,0.05857740585774063,121500.0,118250.0,121625.0,2670.649902,4108.540039,53.164556962025316,81.57894736842105,54.22647527910686,137181.1526148694,122625.0,108068.84738513059,701598.8,13500.0,7500
2022-06-07,126500,131500,126500,129500,281517,0.02371541501976293,122800.0,119700.0,121425.0,2626.340088,4160.680176,54.8780487804878,90.2439024390244,72.18656397090287,135437.73309309906,122225.0,109012.26690690094,649910.8,10500.0,5000
2022-06-08,131500,133500,127500,132500,332607,0.02316602316602312,125400.0,121450.0,121475.0,2626.149902,4115.77002,56.470588235294116,95.55555555555556,89.12613512100033,135214.51484405852,122175.0,109135.4851559415,622559.8,9500.0,6000
2022-06-09,132500,137500,131500,134500,584541,0.015094339622641506,128500.0,123600.0,121675.0,2625.439941,4017.820068,66.66666666666666,88.67924528301887,91.49290109253293,135453.65709061406,122225.0,108996.34290938593,365592.4,15500.0,6000
2022-06-10,132500,138500,132000,138000,262327,0.026022304832713727,132200.0,126100.0,122325.0,2595.870117,3900.860107,77.63157894736842,98.18181818181819,94.13887300679754,137173.22707461947,122600.0,108026.77292538052,365830.0,18500.0,6500
2022-06-13,135000,136500,131000,133000,274979,-0.036231884057971064,133500.0,127500.0,122775.0,2504.51001,3749.629883,72.8395061728395,79.24528301886792,88.70211549456832,138272.95511336095,123000.0,107727.04488663905,347194.2,6500.0,5500
2022-06-14,131000,132500,126000,129500,335811,-0.02631578947368418,133500.0,128150.0,122975.0,2492.969971,3735.47998,66.66666666666666,66.0377358490566,81.15494568324756,138819.41852783252,123275.0,107730.5814721675,358053.0,0.0,6500
2022-06-15,128000,129500,124000,125000,158310,-0.03474903474903479,132000.0,128700.0,122875.0,2447.379883,3789.98999,60.416666666666664,49.056603773584904,64.77987421383646,138780.95381217106,123250.0,107719.04618782894,323193.6,-7500.0,5500
2022-06-16,129000,132000,127000,129000,246353,0.03200000000000003,130900.0,129700.0,123250.0,2451.409912,3666.77002,66.0,64.15094339622641,59.74842767295596,139007.8549313957,123350.0,107692.1450686043,255556.0,-5500.0,5000
2022-06-17,126500,136500,126000,136500,291470,0.058139534883721034,130600.0,131400.0,124225.0,2440.929932,3674.840088,70.43478260869566,91.83673469387756,68.34809395456294,140787.8461919541,124100.0,107412.15380804588,261384.6,-1500.0,10500
2022-06-21,134500,141500,134000,141500,318333,0.059925093632958726,133100.0,133300.0,126500.0,2408.929932,3764.790039,69.91150442477877,100.0,85.32922603003465,143360.85610009017,125325.0,107289.14389990983,270055.4,8500.0,7500
2022-06-22,142000,143500,137000,138500,259601,-0.021201413427561877,135800.0,133900.0,127675.0,2342.810059,3759.889893,63.96396396396396,80.3921568627451,90.74296385220754,144721.2257509339,126525.0,108328.77424906612,254813.4,9000.0,6500
2022-06-23,140000,142500,130000,130500,318376,-0.0577617328519856,136100.0,133500.0,128550.0,2314.320068,3795.72998,59.663865546218496,49.01960784313725,76.4705882352941,144733.78450323583,127300.0,109866.21549676418,286826.6,5500.0,12500
2022-06-24,132000,133000,127000,132000,169665,0.011494252873563315,135200.0,132900.0,129500.0,2366.600098,3911.73999,60.3305785123967,52.083333333333336,60.49836601307189,144693.7219766928,128150.0,111606.27802330721,271489.0,3000.0,6000
2022-06-27,133000,140000,132500,139500,186286,0.05681818181818188,136400.0,133550.0,130525.0,2401.919922,3900.110107,60.65573770491803,79.48717948717949,60.19670688788335,145130.7539447626,129475.0,113819.24605523738,250452.2,3000.0,7500
2022-06-28,139500,141500,137000,140500,137730,0.007168458781362075,136200.0,134650.0,131400.0,2422.090088,3821.550049,59.32203389830509,84.61538461538461,72.0619658119658,145188.39160032303,130850.0,116511.60839967697,214331.6,-1000.0,4500
2022-06-29,138500,144000,138500,141000,158290,0.003558718861210064,136700.0,136250.0,132475.0,2377.98999,3818.830078,57.522123893805315,85.0,83.03418803418803,145828.79867393366,131950.0,118071.20132606635,194069.4,2500.0,5500
2022-06-30,142000,148000,139500,143000,290521,0.014184397163120588,139200.0,137650.0,133675.0,2332.639893,3785.379883,57.522123893805315,79.16666666666666,82.9273504273504,146994.66559156717,132950.0,118905.33440843281,188498.4,12500.0,8500
2022-07-01,145000,146000,137500,140000,207510,-0.020979020979020935,140800.0,138000.0,134700.0,2305.419922,3825.330078,51.78571428571429,66.66666666666666,76.94444444444441,146732.05651722843,134000.0,121267.94348277157,196067.4,8000.0,8500
2022-07-05,136500,137000,129000,135000,281883,-0.0036900369003689537,138900.0,137550.0,135425.0,2341.780029,3831.389893,51.78571428571429,45.83333333333333,63.888888888888864,145523.19446281702,134775.0,124026.80553718298,215186.8,-4500.0,8000
2022-07-06,132000,132500,120000,121000,572577,-0.10370370370370374,134900.0,135800.0,134850.0,2292.01001,3845.080078,43.60902255639098,3.571428571428571,38.69047619047617,146363.25596559676,134500.0,122636.74403440324,302156.2,-19500.0,12500
2022-07-07,122500,125000,116500,123500,383485,0.02066115702479343,131000.0,135100.0,134300.0,2334.27002,3902.620117,48.83720930232558,22.22222222222222,23.875661375661355,146871.5595351415,134200.0,121528.44046485849,347195.2,-17500.0,8500
2022-07-08,125000,128000,124000,125500,215032,0.0161943319838056,128100.0,134450.0,133675.0,2350.610107,3899.379883,47.2,28.57142857142857,18.121693121693106,147093.0716742161,133850.0,120606.9283257839,332097.4,-17500.0,4000
2022-07-11,126000,126500,120000,120500,251207,-0.03984063745019917,125100.0,132550.0,133050.0,2340.27002,3854.429932,36.666666666666664,12.698412698412698,21.164021164021147,147667.1405042817,133150.0,118632.8594957183,340836.8,-19500.0,6500
2022-07-12,119500,122000,117500,121000,194835,0.004149377593360981,122300.0,130600.0,132625.0,2317.76001,3818.800049,31.531531531531527,14.285714285714285,18.5185185185185,147591.55253554627,132300.0,117008.44746445371,323427.2,-14000.0,4500
2022-07-13,119500,120000,113000,115500,332542,-0.045454545454545414,121200.0,128050.0,132150.0,2328.610107,3801.780029,30.17241379310346,7.142857142857142,11.37566137566136,148452.1455097597,131425.0,114397.85449024031,275420.2,-5500.0,7000
2022-07-14,114500,117000,112500,115000,174931,-0.0043290043290042934,119500.0,125250.0,131450.0,2322.320068,3790.379883,34.65346534653466,7.042253521126761,9.490274983232716,149239.85749107788,130700.0,112160.14250892212,233709.4,-8500.0,4500
2022-07-15,115000,116000,112500,114000,119434,-0.008695652173912993,117200.0,122650.0,130325.0,2330.97998,3863.159912,32.0,4.225352112676056,6.136820925553305,150007.6513160413,130150.0,110292.3486839587,214589.8,-11500.0,3500
2022-07-18,115500,126000,115500,124000,408691,0.08771929824561409,117900.0,121500.0,129850.0,2375.25,3830.850098,35.23809523809523,32.3943661971831,14.553990610328626,149943.6366066903,129900.0,109856.3633933097,246086.6,3500.0,10500
2022-07-19,123000,127000,122500,123000,163588,-0.008064516129032251,118300.0,120300.0,128925.0,2370.969971,3936.689941,33.33333333333333,29.577464788732392,22.065727699530502,149242.03222127026,129225.0,109207.96777872976,239837.2,2000.0,4500
2022-07-20,126000,126500,121000,122000,143237,-0.008130081300813052,119600.0,120400.0,128100.0,2386.850098,3959.899902,32.075471698113205,26.76056338028169,29.57746478873238,147639.36224895122,128250.0,108860.63775104877,201976.2,6500.0,5500
2022-07-21,122000,124000,121500,123500,93775,0.012295081967213184,121300.0,120400.0,127750.0,2409.159912,3998.949951,31.42857142857143,32.83582089552239,29.724616354845477,146373.54037576925,127500.0,108626.45962423076,185745.0,8500.0,2500
2022-07-22,123500,124500,122000,123000,87749,-0.004048582995951455,123100.0,120150.0,127300.0,2393.139893,3961.629883,33.0,42.857142857142854,34.151175710982294,146045.54021705684,127125.0,108204.45978294316,179408.0,9000.0,2500
2022-07-25,122500,125000,122000,124500,115129,0.012195121951219523,123200.0,120550.0,126550.0,2403.689941,3966.840088,38.70967741935484,60.0,45.23098791755507,145560.69124894563,126750.0,107939.30875105436,120695.6,500.0,3000
2022-07-26,125000,125500,122500,123500,97128,-0.008032128514056214,123300.0,120800.0,125700.0,2412.959961,3921.050049,53.731343283582085,70.96774193548387,57.941628264208894,143814.69614689975,125950.0,108085.30385310025,107403.6,500.0,3000
2022-07-27,123000,123000,119000,122000,184824,-0.012145748987854255,123300.0,121450.0,124750.0,2415.530029,4023.610107,47.692307692307686,61.29032258064516,64.08602150537634,141585.8129726711,125025.0,108464.18702732891,115721.0,0.0,4000
2022-07-28,123500,124500,121500,122000,150851,0.0,123000.0,122150.0,123700.0,2435.27002,4072.429932,44.26229508196722,65.51724137931035,65.92510196514644,138862.17438579092,124075.0,109287.82561420908,127136.2,-1500.0,3000
2022-07-29,123500,128000,122500,125000,293913,0.024590163934426146,123400.0,123250.0,122950.0,2451.5,4130.290039,57.89473684210526,80.64516129032258,69.15090841675935,135008.38275255315,123175.0,111341.61724744685,168369.0,2000.0,5500
2022-08-01,126000,135500,125000,135000,426328,0.08000000000000007,125500.0,124350.0,122925.0,2452.25,4118.629883,68.42105263157895,97.82608695652173,81.32949654205153,133394.37890883902,122925.0,112455.62109116098,230608.8,10500.0,10500
2022-08-02,134000,137500,132500,136000,304427,0.007407407407407307,128000.0,125650.0,122975.0,2439.620117,4091.189941,80.59701492537313,94.0,90.82374941561476,133693.7734962149,122975.0,112256.22650378509,272068.6,12500.0,5000
2022-08-03,136000,138500,134000,137000,198443,0.007352941176470562,131000.0,127150.0,123775.0,2461.449951,4155.169922,82.3529411764706,94.23076923076923,95.35228539576364,136135.6974764883,123775.0,111414.30252351168,274792.4,15000.0,4500
2022-08-04,137500,138000,130500,131000,299739,-0.04379562043795615,132800.0,127900.0,124150.0,2473.110107,4151.939941,71.7948717948718,67.3913043478261,85.20735785953177,136923.73950934625,124150.0,111376.26049065376,304570.0,9000.0,7500
2022-08-05,130500,132500,128500,131500,185499,0.003816793893129722,134100.0,128750.0,124450.0,2490.800049,4145.189941,62.71186440677966,64.1025641025641,75.24154589371979,137632.5243170048,124450.0,111267.47568299521,282887.2,6500.0,4000
2022-08-08,130000,134500,129500,133500,150933,0.015209125475285079,133800.0,129650.0,125100.0,2493.100098,4140.060059,67.21311475409836,74.35897435897436,68.61761426978818,138736.63795577356,125100.0,111463.36204422645,227808.2,-1500.0,5000
2022-08-09,134000,136000,133000,134000,132516,0.0037453183520599342,133400.0,130700.0,125750.0,2503.459961,4122.470215,70.0,76.92307692307693,71.79487179487178,139796.91387720755,125750.0,111703.08612279245,193426.0,-2000.0,3000
2022-08-10,134000,142000,133500,139500,473470,0.04104477611940305,133900.0,132450.0,126950.0,2480.879883,4210.240234,73.52941176470588,89.13043478260869,80.13749535488665,141404.64776828772,126950.0,112495.35223171227,248431.4,2500.0,8500
2022-08-11,141500,141500,138000,140500,243003,0.007168458781362075,135800.0,134300.0,128225.0,2523.780029,4207.27002,75.3623188405797,93.47826086956522,86.51059085841693,142739.87440343082,128225.0,113710.1255965692,237084.2,9500.0,3500
2022-08-12,141000,144500,136000,137000,243673,-0.02491103202846978,136900.0,135500.0,129375.0,2527.939941,4280.149902,67.12328767123287,70.58823529411765,84.39897698209717,142743.75776616993,129375.0,116006.24223383007,248719.0,5500.0,8500
2022-08-16,138000,138500,136000,138000,117876,0.007299270072992803,137800.0,135800.0,130075.0,2533.52002,4305.200195,69.86301369863014,74.50980392156863,79.52543336175047,143721.95840413583,130075.0,116428.04159586417,242107.6,4500.0,2500
2022-08-17,139000,141500,134500,135500,170089,-0.018115942028985477,138100.0,135750.0,130700.0,2516.469971,4274.040039,68.0,60.86956521739131,68.65586814435919,144125.81958686138,130700.0,117274.18041313863,249622.2,1500.0,7000
2022-08-18,134000,136000,133000,134500,104554,-0.0073800738007380184,137100.0,135500.0,131325.0,2508.050049,4283.740234,66.23376623376623,54.54545454545454,63.30827456147148,144197.9622812599,131325.0,118452.0377187401,175839.0,-5000.0,3000
2022-08-19,134500,140500,134500,138500,221576,0.029739776951672958,136700.0,136250.0,132075.0,2492.689941,4228.47998,67.0886075949367,69.23076923076923,61.54859633120501,144775.08288410597,132075.0,119374.91711589403,171553.6,-2000.0,6000
2022-08-22,137500,140000,136500,138000,105602,-0.0036101083032491488,136900.0,136900.0,132825.0,2462.5,4137.990234,55.0,59.375,61.05040792540791,145030.58543411488,132825.0,120619.41456588512,143939.4,1000.0,3500
2022-08-23,138500,146000,137000,144500,386557,0.047101449275362306,138200.0,138000.0,133825.0,2435.340088,4128.72998,61.971830985915496,91.42857142857143,73.3447802197802,146429.406080081,133825.0,121220.593919919,197675.6,6500.0,9000
2022-08-24,144500,148000,143500,147000,190989,0.01730103806228378,140500.0,139300.0,135000.0,2447.449951,4140.77002,63.51351351351351,94.87179487179486,81.89178876678875,147928.95567077427,135000.0,122071.04432922573,201855.6,11500.0,4500
2022-08-25,148000,148000,140000,145000,259194,-0.013605442176870763,142600.0,139850.0,136150.0,2477.26001,4199.120117,71.21212121212122,84.61538461538461,90.3052503052503,148276.95996096058,136150.0,124023.0400390394,232783.6,10500.0,8000
2022-08-26,143500,151000,142500,149500,325508,0.03103448275862064,144800.0,140750.0,137525.0,2481.030029,4057.659912,74.32432432432432,93.02325581395348,90.83681176704431,149121.16542791555,137525.0,125928.83457208445,253570.0,11000.0,8500
2022-08-29,144500,150000,144000,145500,282152,-0.026755852842809347,146300.0,141600.0,138550.0,2426.889893,4030.610107,65.38461538461539,69.44444444444444,82.36102829126084,149057.6413298035,138550.0,128042.3586701965,288880.0,7500.0,6000
2022-08-30,145500,147500,140500,141000,219055,-0.030927835051546393,145600.0,141900.0,138850.0,2450.929932,3986.159912,58.13953488372093,44.44444444444444,68.97071490094744,149273.1523668784,138850.0,128426.8476331216,255379.6,-3500.0,7000
2022-08-31,141000,143500,136000,143500,303330,0.01773049645390068,144900.0,142700.0,139225.0,2472.050049,3955.0,55.0,58.333333333333336,57.4074074074074,149755.53205033645,139225.0,128694.46794966355,277847.8,-3500.0,7500
2022-09-01,141000,141000,133500,134000,289689,-0.0662020905923345,142700.0,142650.0,139075.0,2415.610107,3966.850098,43.29896907216495,5.555555555555555,36.1111111111111,149822.21506153815,139075.0,128327.78493846185,283946.8,-11000.0,7500
2022-09-02,134500,136000,131000,133500,226848,-0.003731343283582045,139500.0,142150.0,139200.0,2409.409912,3924.26001,46.15384615384615,12.5,25.46296296296295,149604.45248818758,139200.0,128795.54751181242,264214.8,-16000.0,5000
2022-09-06,137000,139500,134500,135000,158319,-0.014598540145985384,136600.0,141100.0,139550.0,2410.02002,3908.189941,46.73913043478261,20.0,12.685185185185176,149342.71102901263,139375.0,129407.28897098737,239448.2,-10500.0,5000
2022-09-07,133500,133500,127500,128500,276763,-0.04814814814814816,133600.0,139250.0,139275.0,2376.459961,3979.870117,43.00000000000001,4.25531914893617,12.25177304964538,149928.87357434968,139125.0,128321.1264256503,250989.8,-12500.0,6000
2022-09-08,130000,130000,124500,127000,274985,-0.011673151750972721,132200.0,137450.0,138650.0,2384.280029,4006.179932,42.57425742574257,9.433962264150944,11.22976047102903,150675.7960812891,138775.0,126874.20391871089,245320.8,-16500.0,5500
2022-09-13,130000,130000,125500,127500,204311,0.003937007874015741,131000.0,135250.0,138000.0,2449.540039,3932.689941,38.29787234042553,11.320754716981133,8.33667871002274,151088.78292653587,138175.0,125261.21707346414,228245.2,-6500.0,4500
2022-09-14,124000,127500,123500,125000,190555,-0.019607843137254943,128600.0,133200.0,137400.0,2411.419922,3946.01001,36.73469387755102,5.454545454545454,8.7364208118925,151529.4764681202,137400.0,123270.5235318798,220986.6,-8500.0,4000
2022-09-15,125000,128500,124000,125000,185523,0.0,126600.0,131600.0,136750.0,2401.830078,3901.350098,27.058823529411768,5.454545454545454,7.409948542024004,151981.01307208254,136800.0,121618.98692791745,226427.4,-10000.0,4500
2022-09-16,123500,124000,119000,120000,410038,-0.040000000000000036,124900.0,129250.0,135975.0,2382.780029,3873.330078,20.0,3.125,4.678030303030293,152816.51326522802,135900.0,118983.48673477197,253082.4,-8500.0,5000
2022-09-19,120000,125000,114000,116000,674989,-0.033333333333333326,122700.0,127450.0,135050.0,2355.659912,3899.889893,19.148936170212764,5.405405405405405,4.661650286650277,154043.12311862624,134925.0,115806.87688137376,333083.2,-11000.0,11000
2022-09-20,118500,121000,118000,121000,334804,0.0431034482758621,121400.0,126200.0,134175.0,2367.850098,3855.929932,20.0,19.444444444444446,9.324949949949941,154358.91396999438,134250.0,114141.08603000561,359181.8,-6500.0,3000
2022-09-21,120000,124500,119000,121000,329303,0.0,120600.0,124600.0,133325.0,2347.209961,3789.929932,21.839080459770102,20.8955223880597,15.248457412636506,154214.92878056332,133375.0,112535.07121943668,386931.4,-4000.0,5500
2022-09-22,119000,127500,119000,125500,529827,0.037190082644628086,120700.0,123650.0,132375.0,2332.310059,3757.98999,32.18390804597702,38.983050847457626,26.44100589332058,153755.01193324567,132750.0,111744.98806675433,455792.2,500.0,8500
2022-09-23,126000,128000,124000,124000,246679,-0.01195219123505975,121500.0,123200.0,131225.0,2290.0,3693.22998,27.058823529411768,37.03703703703704,32.305203424184775,152312.36198943938,131725.0,111137.63801056061,423120.4,4000.0,4000
2022-09-26,122000,123000,115000,117000,436692,-0.056451612903225756,121700.0,122200.0,129825.0,2220.939941,3655.040039,28.75,11.76470588235294,29.261597922282522,150495.47373060533,130225.0,109954.52626939467,375461.0,1000.0,8000
2022-09-27,117000,121000,114000,120000,275953,0.02564102564102555,121500.0,121450.0,128350.0,2223.860107,3647.290039,34.11764705882352,23.52941176470588,24.11038489469861,148477.96873487948,128975.0,109472.03126512052,363690.8,-1000.0,7000
2022-09-28,119000,123500,114000,114500,281516,-0.04583333333333328,120200.0,120400.0,126800.0,2169.290039,3719.040039,27.956989247311824,2.564102564102564,12.619406737053785,145194.19879302246,127225.0,109255.80120697753,354133.4,-6500.0,9500
2022-09-29,117500,118500,115500,116500,186286,0.017467248908296984,118400.0,119550.0,125575.0,2170.929932,3640.469971,35.71428571428571,15.625,13.906171442936136,142144.01758940064,125775.0,109405.98241059938,285425.2,-9000.0,3000
2022-09-30,114500,118000,112500,115000,277750,-0.012875536480686733,116600.0,119050.0,124150.0,2155.48999,3585.620117,35.71428571428571,14.285714285714285,10.82493894993894,139852.61531030026,124475.0,109097.38468969976,291639.4,-9000.0,5500
2022-10-04,117500,120000,115000,119500,196736,0.03913043478260869,117100.0,119400.0,123425.0,2209.379883,3790.929932,41.30434782608696,43.75,24.553571428571416,135901.10078577837,123275.0,110648.89921422164,243648.2,2500.0,5000
2022-10-05,121500,123000,117500,119500,228701,0.0,117000.0,119250.0,122725.0,2215.219971,3783.280029,43.67816091954023,43.75,33.928571428571416,134211.45246889134,122550.0,110888.54753110868,234197.8,-500.0,5500
2022-10-06,121000,124500,120500,124500,258139,0.04184100418410042,119000.0,119600.0,122100.0,2237.860107,3744.52002,49.48453608247423,77.41935483870968,54.97311827956988,132621.1566304331,122100.0,111578.84336956691,229522.4,10000.0,4000
2022-10-07,123500,125500,121000,122000,189383,-0.02008032128514059,120100.0,119250.0,121450.0,2232.840088,3639.659912,52.17391304347826,61.29032258064516,60.81989247311827,130045.59250583209,121450.0,112854.40749416791,230141.8,5500.0,4500
2022-10-11,118500,120000,115500,116500,226389,-0.04508196721311475,120400.0,118500.0,120850.0,2192.070068,3588.840088,50.52631578947368,25.806451612903224,54.83870967741935,129039.20984556737,120850.0,112660.79015443263,219869.6,1500.0,4500
2022-10-12,116500,121500,115500,121500,191384,0.0429184549356223,120800.0,118950.0,120575.0,2202.469971,3577.030029,50.52631578947368,58.06451612903226,48.387096774193544,128247.74739787383,120575.0,112902.25260212617,218799.2,2000.0,6000
2022-10-13,122000,122000,115500,115500,218544,-0.04938271604938271,120000.0,118500.0,119975.0,2162.870117,3669.909912,44.859813084112155,19.35483870967742,34.40860215053763,127233.2076952488,119975.0,112716.7923047512,216767.8,-4000.0,6500
2022-10-14,118500,119000,116000,117000,219175,0.01298701298701288,118500.0,118750.0,119575.0,2212.550049,3583.070068,41.58415841584158,29.03225806451613,35.48387096774193,126543.16067250857,119575.0,112606.83932749143,208975.0,-7500.0,3000
2022-10-17,114500,117000,111500,117000,209122,0.0,117500.0,118800.0,119175.0,2219.709961,3677.949951,42.857142857142854,39.285714285714285,29.224270353302604,125738.65591323681,119175.0,112611.34408676319,212922.8,-5000.0,5500
2022-10-18,118500,119500,113000,114500,302172,-0.021367521367521403,117100.0,118750.0,118900.0,2249.949951,3719.97998,47.19101123595505,21.428571428571427,29.915514592933942,125771.75760861652,118900.0,112028.24239138348,228079.4,-2000.0,6500
2022-10-19,115000,116000,111500,111500,251686,-0.026200873362445365,115100.0,117950.0,118675.0,2237.439941,3695.159912,40.449438202247194,0.0,20.23809523809523,126209.30749795125,118675.0,111140.69250204875,240139.8,-10000.0,4500
2022-10-20,111500,113500,108000,108500,372830,-0.026905829596412523,113700.0,116850.0,118050.0,2218.090088,3665.780029,42.857142857142854,2.857142857142857,8.09523809523809,126755.11041678513,118050.0,109344.88958321487,270997.0,-7000.0,5500
2022-10-21,107500,108000,103000,106000,456982,-0.02304147465437789,111500.0,115000.0,117300.0,2213.120117,3752.75,37.647058823529406,13.333333333333334,5.396825396825392,127406.79812903436,117300.0,107193.20187096564,318558.4,-11000.0,5000
2022-10-24,107500,108500,105000,106000,238598,0.0,109300.0,113400.0,116325.0,2236.159912,3797.340088,39.024390243902445,13.333333333333334,9.841269841269837,126854.53240327312,116325.0,105795.46759672688,324453.6,-11000.0,3500
2022-10-25,105500,106500,101500,104000,385591,-0.018867924528301883,107200.0,112150.0,115325.0,2235.070068,3859.110107,29.870129870129873,10.416666666666668,12.361111111111107,126560.63410245322,115325.0,104089.36589754678,341137.4,-10500.0,5000
2022-10-26,104000,106500,103500,105500,242120,0.014423076923076872,106000.0,110550.0,114750.0,2249.560059,3830.600098,32.5,16.666666666666664,13.472222222222216,126774.09860939356,114750.0,102725.90139060644,339224.2,-6000.0,3000
2022-10-27,106000,108500,103500,107500,260349,0.018957345971563955,105800.0,109750.0,114125.0,2288.780029,3807.300049,27.027027027027017,25.0,17.361111111111104,126298.63415012344,114125.0,101951.36584987656,316728.0,-1000.0,5000
2022-10-28,107000,111000,106000,109500,260069,0.018604651162790642,106500.0,109000.0,113875.0,2268.399902,3901.060059,32.87671232876713,39.02439024390244,26.897018970189695,126220.35923887357,113875.0,101529.64076112643,277345.4,3500.0,5000
2022-10-31,110500,110500,107500,109000,170022,-0.004566210045662156,107100.0,108200.0,113500.0,2293.610107,3871.97998,38.095238095238095,36.58536585365854,33.536585365853654,125964.6869616782,113500.0,101035.3130383218,263630.2,3000.0,3000
2022-11-01,109000,111500,108000,110000,145687,0.00917431192660545,108300.0,107750.0,113250.0,2335.219971,3856.100098,29.09090909090908,41.46341463414634,39.02439024390244,125788.36218633791,113250.0,100711.63781366209,215649.4,6000.0,3500
2022-11-02,110000,113500,107500,112000,213653,0.018181818181818077,109600.0,107800.0,112875.0,2336.870117,3759.689941,42.5531914893617,58.333333333333336,45.46070460704607,125070.2320277445,112875.0,100679.7679722555,209956.0,6500.0,6000
2022-11-03,109000,113000,109000,111000,151422,-0.008928571428571397,110300.0,108050.0,112450.0,2329.169922,3719.889893,36.95652173913044,52.77777777777778,50.858175248419144,124259.45205734523,112450.0,100640.54794265477,188170.6,3500.0,4000
2022-11-04,111000,117000,110500,116500,302475,0.04954954954954949,111700.0,109100.0,112050.0,2348.429932,3770.550049,49.122807017543856,83.33333333333334,64.81481481481482,122617.57702647703,112050.0,101482.42297352297,196651.8,7000.0,6500
2022-11-07,116500,117000,113500,114000,165950,-0.02145922746781115,112700.0,109900.0,111650.0,2371.790039,3806.800049,49.122807017543856,80.64516129032258,72.25209080047789,121187.18484338227,111650.0,102112.81515661773,195837.4,5000.0,3500
2022-11-08,115000,116000,113500,115000,128187,0.00877192982456143,113700.0,111000.0,111575.0,2399.040039,3828.110107,56.60377358490565,87.09677419354838,83.69175627240143,120974.18809483583,111575.0,102175.81190516417,192337.4,5000.0,2500
2022-11-09,115500,116000,112000,113000,192786,-0.017391304347826098,113900.0,111750.0,111150.0,2424.409912,3748.570068,58.8235294117647,74.19354838709677,80.64516129032258,119352.05365811056,111150.0,102947.94634188944,188164.0,1000.0,4000
2022-11-10,111000,112500,109500,110000,259983,-0.026548672566371723,113700.0,112000.0,110875.0,2402.22998,3956.370117,57.692307692307686,54.83870967741935,72.04301075268816,118827.98686029333,110875.0,102922.01313970667,209876.2,-1000.0,3000
2022-11-11,113500,116000,112500,115500,380766,0.050000000000000044,113500.0,112600.0,110800.0,2483.159912,3992.929932,65.07936507936509,90.32258064516128,73.11827956989247,118535.08752034305,110800.0,103064.91247965695,225534.4,-1000.0,3500
2022-11-14,116000,117000,114000,115000,157098,-0.0043290043290042934,113700.0,113200.0,110700.0,2474.649902,3957.25,68.33333333333333,85.18518518518519,76.7821585025886,118143.82471017337,110700.0,103256.17528982663,223764.0,1000.0,3000
2022-11-15,115500,118500,114500,115500,151638,0.004347826086956497,113800.0,113750.0,110750.0,2480.330078,3991.72998,67.24137931034483,80.0,85.16925527678215,118313.76403094304,110750.0,103186.23596905696,228454.2,500.0,4000
2022-11-16,115500,116500,114000,115000,103852,-0.0043290043290042934,114200.0,114050.0,110925.0,2477.449951,3958.790039,63.63636363636363,72.0,79.06172839506173,118720.24146346234,110925.0,103129.75853653766,210667.4,2000.0,2500
2022-11-17,115500,117000,113500,113500,120432,-0.013043478260869601,114900.0,114300.0,111175.0,2442.899902,3946.560059,57.407407407407405,54.54545454545454,68.84848484848484,118963.48677958612,111175.0,103386.51322041388,182757.2,3500.0,3500
2022-11-18,113000,118500,113000,117500,239547,0.03524229074889873,115300.0,114400.0,111750.0,2444.47998,3965.340088,63.9344262295082,90.9090909090909,72.48484848484848,119627.34927364186,111750.0,103872.65072635814,154513.4,2000.0,5500
2022-11-21,116500,117500,113500,114000,104812,-0.029787234042553234,115100.0,114400.0,112150.0,2419.5,3949.939941,56.060606060606055,59.09090909090909,68.18181818181817,119598.7724174064,112150.0,104701.2275825936,144056.2,-1000.0,4000
2022-11-22,114500,117000,113500,116500,109180,0.021929824561403466,115300.0,114550.0,112775.0,2405.27002,4003.580078,56.71641791044776,78.94736842105263,76.3157894736842,119396.1383979048,112775.0,106153.8616020952,135564.6,1000.0,3500
2022-11-23,116500,117000,114000,114500,126219,-0.01716738197424894,115200.0,114700.0,113225.0,2418.01001,4027.26001,55.07246376811594,55.55555555555556,64.53127768917243,118923.33770775108,113225.0,107526.66229224892,140038.0,-500.0,3000
2022-11-25,115000,115500,114000,114500,89084,0.0,114800.0,115050.0,113825.0,2437.860107,4026.120117,46.55172413793104,55.55555555555556,63.35282651072125,118614.5801830164,113575.0,108535.4198169836,133768.4,1000.0,1500
2022-11-28,114000,115000,112500,113000,166554,-0.013100436681222738,114600.0,114850.0,114025.0,2408.27002,3963.939941,48.21428571428571,38.88888888888889,50.0,118423.55381515576,113750.0,109076.44618484424,119169.8,-4500.0,2500
2022-11-29,112500,114500,111500,114000,94724,0.008849557522123908,114100.0,114700.0,114225.0,2433.389893,3957.629883,48.21428571428571,50.0,48.14814814814815,118103.9134083405,114000.0,109896.0865916595,117152.2,0.0,3000
2022-11-30,113500,118500,113500,118500,318817,0.03947368421052633,114900.0,115050.0,114550.0,2472.530029,4080.110107,59.01639344262295,100.0,62.96296296296297,118545.23249216264,114425.0,110304.76750783736,159079.6,2000.0,5000
2022-12-01,119500,121000,117500,118500,172188,0.0,115700.0,115550.0,114925.0,2479.840088,4076.570068,65.45454545454545,73.68421052631578,74.56140350877193,119084.68265092264,114750.0,110415.31734907736,168273.4,4000.0,3500
2022-12-02,118500,118500,114500,115000,146860,-0.029535864978902926,115800.0,115300.0,114850.0,2434.330078,4071.699951,49.01960784313726,36.84210526315789,70.17543859649123,118909.00040547176,114950.0,110990.99959452824,179828.6,500.0,4000
2022-12-05,115000,117500,114000,114500,139903,-0.004347826086956497,116100.0,115350.0,114875.0,2419.320068,3998.840088,49.01960784313726,31.57894736842105,47.36842105263158,118744.66571770041,114850.0,110955.33428229959,174498.4,1500.0,3500
2022-12-06,115000,121500,114000,119000,361225,0.0393013100436681,117100.0,115600.0,115075.0,2393.159912,3941.26001,55.932203389830505,75.0,47.80701754385965,119387.06745554818,115100.0,110812.93254445182,227798.6,5000.0,7500
2022-12-07,118500,121000,118000,118500,141872,-0.004201680672268893,117100.0,116000.0,115350.0,2382.810059,3933.919922,55.932203389830505,70.0,58.85964912280702,119822.70040211179,115275.0,110727.29959788821,192409.6,0.0,3000
2022-12-08,118500,119500,115500,117500,119623,-0.008438818565400852,116900.0,116300.0,115725.0,2371.080078,3963.51001,56.896551724137936,60.0,68.33333333333334,120018.96588077165,115500.0,110981.03411922835,181896.6,-1000.0,4000
2022-12-09,118000,118500,115000,116000,144862,-0.012765957446808529,117100.0,116450.0,115750.0,2389.040039,3934.379883,47.16981132075472,45.0,58.333333333333336,119504.90428884109,115800.0,112095.09571115891,181497.0,1000.0,3500
2022-12-12,115500,116000,114500,115000,50234,-0.008620689655172376,117200.0,116650.0,115750.0,2373.02002,3990.560059,52.08333333333333,35.0,46.666666666666664,119495.14430959472,115775.0,112054.85569040528,163563.2,500.0,1500
2022-12-13,115500,121000,115500,118500,166478,0.0304347826086957,117100.0,117100.0,115900.0,2372.399902,4019.649902,54.0,70.0,50.0,119841.96202718528,115950.0,112058.03797281472,124613.8,-500.0,5500
2022-12-14,119500,120000,117500,118500,76825,0.0,117100.0,117100.0,116075.0,2399.25,3995.320068,58.695652173913054,70.0,58.333333333333336,120147.09122314047,116100.0,112052.90877685953,111604.4,0.0,2500
2022-12-15,118000,121000,116000,116000,136807,-0.021097046413502074,116800.0,116850.0,116200.0,2360.969971,3895.75,52.94117647058823,45.0,61.666666666666664,120164.44759259399,116150.0,112135.55240740601,115041.2,-1500.0,5000
2022-12-16,115500,120000,115000,118500,151048,0.02155172413793105,117300.0,117200.0,116250.0,2360.02002,3852.360107,60.37735849056604,70.0,61.666666666666664,120341.68011199067,116400.0,112458.31988800933,116278.4,2500.0,5000
2022-12-19,118500,120000,117500,119000,64634,0.00421940928270037,118100.0,117650.0,116500.0,2352.169922,3817.659912,59.61538461538462,68.75,61.25,120559.30887022126,116475.0,112390.69112977874,119158.4,4000.0,2500
2022-12-20,120000,120000,116500,117500,75541,-0.012605042016806678,117900.0,117500.0,116550.0,2333.290039,3821.620117,47.826086956521735,46.666666666666664,61.805555555555564,120584.99816090369,116650.0,112715.00183909631,100971.0,-1000.0,3500
2022-12-21,118500,122000,117500,121000,224620,0.029787234042553123,118400.0,117750.0,116875.0,2328.949951,3878.439941,54.716981132075475,87.5,67.6388888888889,121262.48219369604,116875.0,112487.51780630396,130530.0,2500.0,4500
2022-12-22,121500,123500,121000,122000,155591,0.008264462809917328,119600.0,118200.0,117250.0,2356.72998,3822.389893,64.58333333333333,84.21052631578947,72.79239766081872,122045.8315233127,117250.0,112454.1684766873,134286.8,6000.0,2500
2022-12-23,119500,121500,119500,120500,98840,-0.012295081967213073,120000.0,118650.0,117550.0,2313.689941,3844.820068,62.0,68.42105263157895,80.04385964912281,122372.0982548002,117550.0,112727.9017451998,123845.2,2000.0,2000
2022-12-27,120500,121000,118000,121000,107898,0.008333333333333304,120900.0,119400.0,118250.0,2332.790039,3829.25,54.76190476190476,72.22222222222221,74.95126705653023,122502.61636748296,117950.0,113397.38363251704,132498.0,2000.0,3000
2022-12-28,120500,123500,120500,120500,95776,-0.004132231404958664,120800.0,119600.0,118350.0,2280.449951,3783.219971,54.76190476190476,66.66666666666666,69.10331384015593,122560.53257760157,118275.0,113989.46742239843,136545.0,3000.0,3000
2022-12-29,120000,120000,115500,116000,116649,-0.03734439834024894,119600.0,119600.0,118225.0,2236.399902,3849.280029,46.93877551020408,16.666666666666664,51.851851851851855,122552.1525835006,118150.0,113747.8474164994,114950.8,-5000.0,4500
